OilRate,WaterRate,GasRate,GOR,TBGTemp,TBGPress,DiffPress,Temperature,Pressure
4124,520,6538,1585,212,583,659,126,216
4125,517,6544,1587,212,584,663,129,216
3848,421,6276,1631,212,582,858,180,224
3856,409,3860,1001,212,582,59,105,208
3915,406,4678,1195,212,583,78,75,210
997,1351,1467,1472,211,582,671,123,212
3853,562,3229,838,77,198,8,77,260
2153,1115,5379,2498,208,430,2546,160,247
3944,471,5492,1393,201,1010,922,198,232
3948,446,5841,1480,210,548,1083,193,228
3901,425,5899,1512,211,551,730,127,214
3912,400,5957,1523,211,551,329,137,212
3900,410,6023,1544,211,556,2515,161,242
3898,462,6502,1668,211,557,62,107,211
3888,458,6518,1676,211,566,681,127,213
3930,434,6706,1706,211,562,37,95,209
3939,452,6726,1708,212,565,67,107,209
3941,453,6832,1734,211,565,45,98,207
3971,464,7050,1775,211,524,58,101,208
3947,452,6378,1616,211,521,87,69,208
3995,461,6937,1737,211,520,3014,164,248
3896,442,6865,1762,210,530,84,71,207
3901,457,6831,1751,211,532,86,70,208
3950,466,6875,1741,211,517,667,130,214
3972,479,6917,1741,212,519,83,68,207
3952,432,6884,1742,211,523,85,70,211
3922,432,6235,1590,212,522,85,71,208
3992,465,6845,1715,212,521,96,70,209
3995,471,6922,1733,211,521,91,74,208
3953,478,6844,1731,211,521,89,77,209
3963,474,6904,1742,212,520,90,73,207
3939,474,6869,1744,211,520,91,74,209
3975,472,6697,1685,212,519,1034,192,226
3954,457,6914,1749,211,520,66,138,210
4450,397,6582,1479,211,520,113,116,210
4398,404,6560,1492,212,519,637,129,215
4391,396,6646,1513,211,521,655,128,214
4436,399,6660,1502,211,520,113,114,209
4114,371,6110,1485,209,376,57,101,208
4465,403,6598,1478,208,357,87,105,209
2400,185,2686,1119,209,356,87,108,210
4510,472,5850,1297,206,351,8,83,203
4522,428,6018,1331,208,355,251,199,215
4473,414,5859,1310,208,361,121,75,206
4422,406,6082,1375,209,364,110,73,209
4449,399,6710,1508,209,356,105,76,208
4436,399,6727,1516,209,356,118,72,206
4438,402,6748,1521,209,359,116,73,206
4430,396,6698,1512,209,360,56,115,205
4386,401,6671,1521,209,357,15,103,205
4427,403,6708,1515,209,361,69,127,209
4433,404,6714,1515,209,363,1031,180,224
4421,398,6619,1497,209,357,251,173,209
4420,401,6636,1501,209,350,40,91,208
4422,404,6633,1500,209,356,31,93,209
4496,406,6648,1479,209,349,107,76,207
4463,381,6651,1490,209,355,110,75,209
4429,381,6414,1448,208,350,74,124,208
4473,408,6260,1400,209,357,115,72,208
4457,405,6316,1417,209,354,108,72,209
4517,407,6318,1399,209,351,277,203,216
4497,411,6292,1399,209,356,111,83,210
4480,411,6272,1400,209,347,891,176,223
4231,570,6554,1549,209,352,445,185,218
4321,556,6823,1579,209,349,70,103,207
4327,555,6796,1570,209,352,851,180,221
4333,558,6747,1557,209,351,114,75,209
4354,542,6835,1570,209,350,8,86,204
4342,534,6798,1566,209,348,8,84,204
4127,507,6460,1565,209,345,8,84,203
4301,530,6789,1579,209,347,328,204,216
4332,545,6875,1587,209,348,107,74,207
4303,537,6817,1584,209,349,104,77,209
4336,550,6822,1573,209,345,109,78,206
4329,571,6838,1579,209,349,95,74,207
4349,565,7186,1652,209,350,299,176,210
4333,545,6894,1591,209,348,111,67,208
4341,551,7164,1650,209,353,114,67,201
4329,565,7310,1689,209,353,114,63,213
4334,577,7072,1632,209,354,97,69,208
4331,576,7088,1637,209,355,100,70,212
4309,588,6630,1539,209,354,105,69,210
4311,595,6083,1411,209,352,65,130,215
4325,597,5926,1370,209,351,91,133,214
4324,595,6488,1500,209,348,98,67,207
4318,596,6986,1618,209,352,98,67,210
4311,604,6594,1530,209,352,97,69,210
4313,604,6190,1435,209,351,94,71,213
4350,599,6813,1566,209,350,98,68,211
4355,587,7192,1652,209,349,98,67,213
4353,572,7185,1651,209,351,108,73,208
4376,549,6970,1593,209,350,287,204,216
4400,547,6779,1541,209,353,17,79,205
4415,550,6783,1536,209,355,79,106,209
4407,546,6785,1540,209,350,8,119,205
4423,422,6878,1555,209,348,542,117,217
4416,425,6969,1578,209,352,454,142,215
4409,418,7187,1630,209,346,103,77,209
4402,411,7202,1636,209,351,403,205,217
4407,409,7209,1636,209,348,924,180,221
4419,408,7203,1630,209,351,65,116,209
4393,406,7177,1634,209,351,111,123,209
4392,404,7189,1637,209,350,103,71,204
4437,406,7221,1627,209,350,102,72,203
4403,406,7229,1642,209,348,100,72,206
4403,406,7199,1635,209,350,624,181,210
4436,407,7336,1654,209,344,388,146,209
4451,407,7404,1663,209,343,385,146,208
4431,408,7355,1660,209,346,352,148,207
4385,409,7382,1683,209,344,354,146,205
4360,409,7313,1677,209,345,400,148,209
4405,410,7332,1664,209,343,450,146,206
4411,410,7121,1614,209,346,389,148,206
4380,412,6741,1539,209,341,378,143,205
4366,416,7284,1668,209,338,450,154,209
4239,459,6260,1477,210,363,103,69,200
4252,458,6223,1463,209,334,103,71,198
4234,458,5765,1362,209,338,104,71,199
4270,463,6216,1456,209,343,101,68,203
4229,471,6213,1469,208,331,108,69,197
4325,449,6294,1455,209,361,108,68,199
4303,450,6291,1462,209,332,96,155,200
3223,341,4759,1477,209,341,75,107,196
1733,129,1577,910,103,194,8,95,207
4278,553,6177,1444,207,346,1099,182,227
4240,469,6186,1459,208,328,1103,182,215
4233,457,6255,1478,208,325,56,113,196
4251,454,6314,1485,208,329,824,129,206
4262,452,6318,1483,208,329,108,65,196
4238,452,6328,1493,208,326,108,66,196
4249,451,6015,1416,208,326,101,64,196
4280,452,6308,1474,208,330,422,179,193
3850,409,5679,1475,209,332,106,70,195
4267,450,6282,1472,208,330,1428,185,220
4245,452,6300,1484,208,328,103,66,196
4226,451,6497,1537,208,332,106,61,197
4224,454,6662,1577,208,330,8,80,196
4219,453,6651,1576,208,331,8,80,194
4241,454,6684,1576,208,328,117,67,192
2972,326,4742,1596,208,332,16,78,192
4224,457,6637,1571,203,330,21,80,193
4217,458,6618,1570,208,329,8,79,199
4219,458,6579,1559,208,327,9,78,192
3728,405,5883,1578,209,328,9,78,194
4246,453,6622,1559,208,325,9,77,193
4226,459,6616,1566,208,327,9,77,193
4123,446,6338,1537,209,329,109,66,196
4124,443,6382,1548,209,328,109,63,198
4115,444,6386,1552,209,334,112,65,198
4067,442,6391,1572,209,330,113,66,199
4102,443,6424,1566,208,331,109,66,195
4062,446,6313,1554,209,332,115,64,195
4050,446,6296,1554,209,337,23,121,196
4078,441,6256,1534,209,328,348,179,202
4085,435,6265,1534,209,328,963,179,210
4136,430,6101,1475,209,330,320,136,201
4101,433,5982,1459,209,333,653,127,206
4079,434,5954,1460,209,326,105,68,197
4105,433,5934,1445,209,328,1460,187,221
4065,437,5899,1451,209,325,675,127,204
4374,383,5911,1351,209,324,369,144,195
4417,396,5711,1293,209,324,8,78,195
4420,392,6001,1358,209,321,8,76,194
4390,389,6151,1401,209,330,1449,187,220
4390,391,6012,1369,209,327,1421,187,222
4390,397,5978,1362,209,338,1439,187,221
4389,392,6102,1390,209,324,967,191,211
4347,373,6021,1385,209,323,1066,192,213
4367,384,6111,1399,209,323,1149,193,215
4348,377,6061,1394,209,325,1093,193,214
4385,374,6099,1391,209,328,335,144,198
4380,375,5926,1353,209,329,342,145,200
4394,410,6104,1389,209,329,338,140,200
4365,411,5762,1320,209,326,8,79,191
4388,410,6105,1391,209,326,9,76,194
4408,412,6130,1391,209,323,9,75,190
4386,418,6150,1402,209,322,104,71,194
4382,416,6124,1398,209,333,95,70,194
4382,407,6108,1394,209,327,95,69,192
4380,409,6134,1400,209,331,95,68,195
4371,407,6097,1395,209,327,101,68,194
4169,398,6230,1494,209,326,95,69,193
4197,390,6212,1480,209,328,67,114,194
4218,390,6207,1472,209,327,67,106,194
4206,391,6211,1477,209,327,17,122,194
4200,388,6205,1477,209,324,1020,192,212
4216,383,6202,1471,209,325,98,70,195
4230,384,6133,1450,209,321,101,69,192
4196,377,6111,1456,209,325,1050,192,211
4224,387,6127,1451,209,323,1002,191,212
4216,384,6141,1457,209,324,9,76,191
4225,377,6006,1422,209,331,9,73,190
4210,381,6139,1458,209,324,18,73,189
4226,387,6148,1455,209,326,9,73,191
4205,387,5682,1351,209,329,9,72,191
4050,460,5939,1466,209,330,9,71,206
4062,464,5888,1450,209,322,11,71,191
4067,459,5990,1473,209,324,22,71,190
4030,455,5968,1481,209,321,981,191,213
4033,450,6088,1509,209,322,289,76,198
4079,458,5990,1468,209,324,230,75,199
4066,447,5968,1468,209,322,219,75,198
4055,444,5959,1470,209,323,184,75,194
4074,444,5900,1448,209,325,205,74,197
4084,442,5888,1441,209,325,168,74,196
4086,436,6027,1475,209,325,35,101,194
4097,420,6067,1481,209,326,1017,190,212
4089,415,6023,1473,209,323,9,113,192
4056,413,6004,1480,208,320,19,122,196
4128,418,6054,1467,209,318,173,131,199
4128,420,6042,1463,209,319,9,111,198
4128,419,5830,1412,209,317,60,121,192
3978,594,5807,1460,209,316,9,108,194
3989,592,5857,1468,209,320,71,108,196
3978,594,4989,1254,209,322,288,180,201
3946,614,5260,1333,209,322,38,102,192
3927,592,5767,1469,209,321,942,185,211
3920,594,5681,1449,209,319,9,71,191
3922,600,5794,1477,209,319,932,190,214
3950,601,5823,1474,209,318,265,67,200
3943,604,5804,1472,209,320,524,70,204
3963,602,5827,1470,209,320,2462,161,224
3960,608,5765,1456,209,319,61,117,195
3971,606,5783,1456,209,317,128,75,195
3934,608,5740,1459,209,318,8,70,190
3934,609,5754,1463,209,319,951,124,199
3840,633,5739,1495,209,318,219,64,196
2656,443,3991,1503,209,337,236,63,194
3853,638,5782,1500,208,314,176,64,197
3838,641,5761,1501,207,314,178,63,195
3845,649,5764,1499,209,315,177,63,196
3853,637,5773,1498,208,312,186,65,191
3856,644,5702,1479,207,310,143,140,193
3840,641,5725,1491,208,312,182,66,195
3847,644,5732,1490,208,312,911,189,210
3837,648,5653,1473,208,304,950,189,206
3846,650,5743,1493,209,316,907,188,206
3853,653,5709,1482,208,317,902,189,211
3822,656,5736,1501,209,317,858,189,211
3884,663,5730,1475,208,314,123,136,200
3868,669,5689,1471,208,318,186,71,194
3858,687,5694,1476,208,319,243,137,196
3866,660,5677,1468,208,313,184,71,193
4116,461,5316,1291,208,317,196,70,188
4129,457,5290,1281,208,317,242,117,189
4134,456,5294,1281,207,313,2400,160,220
4167,457,5284,1268,208,316,116,72,192
4166,458,5381,1292,208,315,900,187,207
4166,462,5312,1275,208,316,234,175,192
4166,464,5267,1264,208,316,759,126,198
4165,464,5265,1264,207,315,8,75,186
4167,466,5253,1261,208,315,868,186,205
4196,465,5308,1265,208,319,893,187,205
4192,465,5290,1262,208,316,894,187,204
4204,464,5344,1271,208,318,874,186,203
4177,465,5265,1261,208,317,864,187,208
4168,464,5753,1380,208,320,835,186,210
4170,471,5700,1367,208,318,963,185,208
4167,464,5709,1370,208,315,793,184,205
4180,467,5586,1336,208,315,854,184,205
4168,490,5385,1292,208,315,799,183,212
4150,467,5812,1400,208,315,1959,75,221
4160,471,5570,1339,208,315,3492,132,296
4169,472,5563,1334,208,314,20,118,208
4181,473,5589,1337,208,315,165,67,205
4158,477,5434,1307,208,318,771,181,216
4151,482,4826,1162,208,314,219,185,208
4155,484,5487,1320,208,315,682,182,218
4164,482,5540,1331,208,312,833,181,218
4163,488,5669,1362,208,312,13,115,206
4264,524,5999,1407,208,311,1,100,161
4299,522,6059,1409,208,313,0,77,147
4217,468,5670,1345,208,312,0,77,164
4132,468,5555,1344,208,320,0,77,201
4094,468,5644,1379,209,333,2276,160,232
4160,461,5745,1381,208,311,117,138,207
4185,458,5792,1384,208,313,2844,139,289
4173,459,5821,1395,208,310,93,76,189
4185,443,5751,1374,208,320,3021,138,285
4190,462,5715,1364,208,315,136,110,199
4217,464,5715,1355,208,312,3,79,203
4203,462,5719,1361,208,316,1,78,200
4163,463,5717,1373,208,320,367,91,212
4143,449,5654,1365,208,311,44,127,201
4153,454,5700,1373,208,315,182,130,207
4127,460,5723,1387,208,317,159,132,207
4069,458,5699,1401,208,314,167,130,208
4065,452,5711,1405,208,319,12,79,207
4060,453,5708,1406,209,314,118,133,209
4084,456,5683,1391,208,312,156,132,204
4096,488,5728,1399,208,306,369,95,202
4096,488,5722,1397,208,305,128,71,196
4095,486,5728,1399,208,305,125,70,199
4062,468,5628,1386,208,303,124,70,206
4004,470,5589,1396,208,310,125,70,205
4039,462,5561,1377,208,308,125,78,206
4118,459,5557,1350,208,309,117,71,203
4082,459,5476,1342,208,309,114,72,208
4136,466,5716,1382,209,309,125,71,202
4070,456,5571,1369,209,306,120,68,204
4076,455,5587,1371,208,310,113,71,204
4074,456,5589,1372,208,307,126,71,205
4062,456,5466,1346,208,312,134,72,207
4052,456,5531,1365,209,309,99,73,199
4111,449,4915,1196,208,304,1,79,202
4092,449,4922,1203,208,307,1,80,204
4082,449,4921,1206,208,305,2,80,202
4079,455,4930,1209,209,309,1,79,202
4082,1182,4940,1210,209,305,3,79,202
4068,457,4690,1153,209,305,1,78,204
4054,461,4898,1208,209,305,14,80,206
4065,460,4894,1204,209,305,1,81,207
4032,451,4861,1205,209,310,1,81,208
4054,434,4840,1194,209,304,542,174,216
4038,434,4852,1202,209,307,334,105,214
3795,411,4573,1205,209,306,4904,142,276
4045,438,4864,1203,209,306,53,113,203
4033,437,4895,1214,209,302,99,72,204
4023,444,4724,1174,208,303,11,132,202
3524,365,3271,928,209,309,1,79,212
2620,190,1835,700,Error,Error,1,80,192
3988,463,4549,1141,208,285,12,86,208
4004,474,4996,1248,208,290,63,72,202
4013,443,5035,1255,209,292,88,74,205
4025,439,5094,1265,209,297,237,182,205
2818,316,3484,1237,209,294,1,108,190
2869,293,2944,1026,85,404,1,80,182
4018,435,4772,1188,207,276,336,103,213
4035,436,4819,1194,208,281,229,104,209
4035,431,4811,1192,208,279,110,77,208
4023,433,4867,1210,209,284,89,107,208
4028,433,5018,1246,209,281,765,163,219
4045,435,4980,1231,209,287,319,188,213
4052,446,4882,1205,209,286,1104,167,224
4237,0,4290,1012,209,285,761,169,218
4216,0,4304,1021,209,287,968,167,220
4205,0,4388,1043,209,300,57,97,195
4161,0,4264,1025,209,294,62,97,211
1171,0,791,675,199,279,16,80,196
4152,0,2687,647,206,269,3,78,50
4187,0,4364,1042,208,285,1,81,125
4237,0,4743,1120,208,280,1,78,123
4290,0,4804,1120,208,283,1,81,122
4096,0,4311,1052,209,290,1,81,91
4161,0,4273,1027,209,296,1898,158,249
4128,0,4338,1051,208,282,1,81,210
4150,0,4229,1019,209,293,1,81,215
4143,0,4245,1025,209,302,466,84,226
4148,0,4304,1038,209,291,1,80,215
4165,0,4307,1034,209,297,137,59,219
4122,0,4263,1034,209,292,1,77,214
4106,0,4307,1049,209,297,43,105,222
4146,0,4319,1042,209,295,1,79,209
4272,0,4386,1027,209,289,425,70,216
4253,0,4399,1034,209,287,1225,83,232
4229,0,4229,1000,209,282,569,80,218
4300,0,4461,1037,209,281,0,81,211
4268,0,4452,1043,209,289,1,82,209
4321,0,4556,1054,210,289,3571,115,267
4292,0,4546,1059,209,288,1,79,219
4250,0,4537,1068,209,288,1,77,215
4311,0,4616,1071,209,288,1,82,218
4337,0,4694,1082,210,287,1094,95,245
4310,0,4694,1089,210,287,1,94,241
4506,0,4918,1091,210,287,1,82,170
4216,7,4301,1020,210,293,10,82,261
4203,6,4324,1029,210,294,363,53,275
4245,7,4563,1075,209,294,1,80,267
4247,7,4573,1077,210,291,36,67,266
4240,7,4559,1075,210,291,244,48,278
4246,7,4391,1034,210,287,13,71,265
4278,7,4343,1015,209,288,1,80,260
4259,7,4364,1025,209,293,0,81,269
4256,7,4407,1036,210,292,64,70,275
4287,7,4602,1074,209,291,25,74,272
4282,7,4808,1123,209,287,13,74,272
4290,7,4970,1159,210,288,534,51,283
4288,7,5124,1195,210,284,3303,79,332
4286,7,5219,1218,209,280,157,124,305
4287,7,5691,1327,210,291,608,145,286
4279,7,5712,1335,209,277,4767,186,475
4316,7,5313,1231,210,292,14,117,308
4262,7,5395,1266,209,283,274,187,334
4279,7,5399,1262,210,286,70,153,323
4290,7,5361,1250,211,284,3030,137,459
4277,7,5354,1252,211,285,17,136,319
4306,7,5475,1272,210,285,404,181,321
4282,7,5077,1186,211,278,83,71,320
4139,7,5335,1289,211,282,2576,146,350
4204,7,5181,1232,211,287,18,114,318
4236,7,5032,1188,210,279,25,115,313
4232,7,5032,1189,211,278,69,173,320
4245,7,5037,1186,210,285,91,71,315
3559,6,4231,1189,211,279,89,69,316
3701,6,4377,1183,210,282,980,176,328
2957,5,3504,1185,210,281,11,78,314
3153,512,3222,1022,208,278,112,170,321
3149,511,3207,1018,210,280,1202,167,330
3146,513,3215,1022,210,282,990,176,333
2896,467,2993,1034,209,279,77,116,321
3120,503,3190,1022,209,280,103,169,318
3106,504,3183,1025,209,282,17,113,316
2489,405,2562,1029,209,285,85,86,314
1233,195,1251,1014,209,281,129,143,316
2927,466,2932,1002,82,218,306,140,321
3142,502,3138,999,208,274,71,146,311
3164,508,3142,993,209,274,330,179,322
3186,504,3156,991,209,275,746,182,326
3168,515,3149,994,208,273,335,175,316
3056,506,3374,1104,208,272,387,178,315
3064,510,3765,1229,209,281,799,180,226
3038,506,3658,1204,209,286,839,180,232
1645,286,2054,1249,209,272,23,76,187
2922,516,3355,1148,207,251,37,75,194
1833,337,1961,1070,209,271,130,65,200
2961,485,3447,1164,204,470,128,63,200
3063,510,3096,1011,208,275,18,56,310
3114,513,3024,971,209,274,34,56,309
3158,497,3081,975,208,270,35,60,309
3205,510,3103,968,209,291,33,42,310
3223,517,3104,963,209,290,1,81,309
2907,472,2794,961,209,283,1,83,306
3201,510,3084,963,209,277,2,83,303
3204,507,3251,1015,209,282,4,77,303
3191,500,3245,1017,209,279,1,83,302
3604,558,3401,944,209,273,1,79,306
3602,564,3394,942,209,286,2411,142,332
3607,563,3404,944,209,274,221,145,242
3605,564,3446,956,209,274,138,108,304
3602,570,3468,963,209,276,981,158,314
3598,571,3494,971,209,271,1,80,301
3592,572,3404,947,209,274,1,80,301
3592,573,3429,955,209,270,1,81,302
3599,579,3501,973,209,278,1,104,298
3552,574,3631,1022,209,277,441,114,247
3599,571,3582,995,209,275,173,149,243
3605,565,3555,986,209,277,136,147,249
3599,563,3598,1000,209,287,1144,183,459
3600,568,3652,1014,209,275,4,136,238
3604,568,3509,974,209,282,87,73,279
3566,563,3584,1005,209,275,120,79,282
3599,564,3644,1012,209,281,2,79,273
3603,564,3364,934,209,278,2,81,271
3620,565,3394,938,209,275,8,137,307
3478,545,3303,950,209,282,136,176,311
3475,552,3281,944,209,285,276,88,313
3509,553,3286,936,209,280,89,118,307
3518,549,3307,940,209,282,277,113,316
3534,548,3289,931,209,282,294,88,314
3522,550,3285,933,209,289,1137,174,328
3514,548,3282,934,209,278,129,147,307
3523,551,3281,931,209,282,393,148,309
3527,554,3280,930,209,288,123,143,305
3516,555,3273,931,209,284,901,182,323
3517,557,3248,923,209,287,4454,145,375
3507,548,3272,933,209,284,91,69,305
3426,435,3581,1045,209,279,97,75,307
3405,433,3581,1052,209,290,298,91,308
3392,434,3575,1054,209,284,2275,182,480
3428,433,3589,1047,209,279,2983,146,372
3429,443,3594,1048,209,279,3025,149,403
3447,454,3652,1060,209,282,71,81,302
3404,467,3636,1068,209,283,94,76,303
3404,469,3632,1067,209,278,12,100,296
3403,472,3630,1067,209,281,96,75,299
3404,474,3650,1072,209,279,83,73,305
3402,479,3652,1074,209,289,99,73,303
3398,474,3921,1154,209,282,3,158,302
3400,477,3765,1107,209,277,4754,151,415
3399,479,3612,1062,209,278,4661,146,384
3402,481,3431,1009,209,276,4661,146,382
3405,481,3618,1062,209,279,3484,182,478
3400,474,3611,1062,211,287,4066,147,359
3387,480,3527,1042,210,280,4071,146,382
3387,476,3379,998,211,280,215,96,211
3731,525,3375,905,211,303,4368,156,424
3727,523,3375,905,210,295,3361,132,341
3727,523,3373,905,210,291,3410,133,340
3745,517,3383,903,210,291,3415,133,340
3788,511,3422,903,210,286,3427,133,339
3786,515,3823,1010,210,276,3427,133,337
3782,496,3410,901,210,290,3,155,282
3834,497,3437,896,210,281,5,179,299
3819,508,3575,936,209,280,100,74,292
3788,508,3723,983,209,292,50,143,246
3718,512,3145,846,209,288,120,70,238
3185,375,2728,857,209,286,114,70,242
3205,376,2872,896,209,281,168,138,225
3191,374,2912,913,209,290,2767,142,267
3287,365,3001,913,209,283,504,152,311
3280,372,2991,912,209,282,7,136,304
3280,369,2971,906,209,279,874,158,317
3290,363,2981,906,209,278,3647,133,346
3249,364,2962,912,209,278,1995,155,409
3246,367,2956,911,209,283,2,79,294
3248,372,2945,907,209,281,9,77,292
3250,371,2935,903,209,281,109,106,296
3245,377,2936,905,209,281,176,123,295
3249,371,2942,905,209,280,488,141,297
3255,375,2975,914,209,283,14,75,292
2524,284,2016,799,208,282,10,78,290
3322,739,2737,824,205,255,3,81,197
3225,366,4220,1308,207,279,12,76,276
3224,387,2863,888,207,268,12,75,280
3230,381,2916,903,208,280,12,75,286
3009,356,2732,908,208,281,13,73,284
3238,386,2977,919,208,283,11,75,290
3251,386,2965,912,208,283,12,76,288
3239,388,2977,919,208,281,13,76,285
3243,387,2986,921,208,282,101,68,292
3242,379,2984,921,208,287,395,61,296
3247,384,2973,916,208,286,103,69,288
3247,386,2848,877,208,277,107,68,289
3263,382,2992,917,208,284,7,77,287
3262,378,2981,914,208,281,7,74,287
3262,376,2987,916,208,283,7,74,290
3258,375,2989,917,208,277,393,110,298
3480,395,3137,902,208,279,177,110,293
3479,401,3137,902,208,280,51,122,291
3478,400,3132,900,208,280,310,146,295
3479,398,3128,899,208,284,149,139,290
3504,397,3138,895,208,283,327,89,295
3502,396,3166,904,208,283,1142,164,306
3553,402,3162,890,208,281,7,79,287
3509,394,3101,884,208,284,6,74,289
3526,397,3109,882,208,284,39,118,287
3513,396,3102,883,208,283,440,137,301
3492,396,3107,890,208,278,134,135,288
3499,391,3104,887,208,282,76,135,286
3509,393,3101,884,208,281,2,74,287
3497,391,3120,892,208,283,2,74,284
3499,394,3111,889,208,284,16,74,286
3496,395,3094,885,208,281,18,74,286
3494,405,3103,888,208,282,17,75,285
3493,389,3317,950,208,283,17,75,284
2317,240,1776,767,208,280,2,76,240
3526,476,2933,832,206,265,2,76,276
3544,386,3147,888,207,283,2,76,294
2879,315,2489,864,207,284,2,75,296
3486,389,3087,886,207,281,2,75,285
3505,384,3131,893,208,279,75,59,285
3494,384,3084,883,208,279,72,54,298
3491,384,3087,884,208,278,71,54,290
3494,388,3088,884,207,282,75,63,287
3490,387,3089,885,207,279,75,60,289
3490,389,3090,885,207,280,77,59,285
3489,388,3090,886,208,281,68,55,288
3372,371,3041,902,208,282,72,58,289
3371,371,3055,906,208,289,162,145,293
3370,370,3055,906,208,284,317,89,298
3369,370,2957,878,208,277,77,117,290
3368,377,3008,893,208,281,952,157,309
3368,374,3077,914,207,283,33,116,289
3365,393,3065,911,208,282,345,88,294
3365,393,3059,909,207,266,1098,159,305
3370,393,3021,897,208,279,76,57,285
3376,388,3042,901,207,278,82,62,286
3363,397,3033,902,207,280,86,63,287
3361,396,3034,903,207,280,83,62,291
3343,399,3058,915,208,282,76,120,285
3347,398,3058,914,207,275,131,147,286
3343,395,3053,913,210,278,333,87,292
3347,398,3040,908,210,282,350,87,287
3347,397,2997,895,210,282,344,88,287
3343,400,3031,907,209,280,327,87,292
3347,403,3031,906,209,283,332,87,294
3344,404,3034,907,209,283,338,87,291
3347,399,3036,907,209,283,72,125,287
3347,396,3041,908,209,282,61,125,281
3269,395,3028,926,208,280,91,126,283
3331,396,3163,949,208,284,43,120,285
3333,400,3162,949,208,283,55,122,279
3367,401,3179,944,208,286,75,122,286
3358,337,3176,946,208,287,90,67,279
3311,331,3177,959,208,285,90,64,279
3314,388,3177,959,208,285,90,62,280
3314,393,3169,956,208,290,92,63,278
3311,401,3177,960,208,289,91,63,281
3694,0,2547,690,208,293,90,63,282
3696,0,2546,689,208,296,55,68,278
3688,0,2588,702,208,292,2,74,273
3686,0,2635,715,208,293,2,74,235
3685,0,2633,714,208,293,407,174,240
2923,0,1987,680,208,292,17,78,231
3676,0,2400,653,207,298,544,63,219
3680,0,2769,752,207,290,12,70,229
3681,0,2368,643,207,296,45,66,229
3663,0,2590,707,207,283,352,102,238
3665,0,2199,600,207,287,124,134,237
3669,0,2507,683,207,299,2133,132,258
3671,0,2600,708,207,286,119,65,262
3671,0,2662,725,207,287,67,64,244
3673,0,2646,720,207,298,102,64,245
3687,0,2367,642,207,287,103,62,251
3670,0,2697,735,207,300,128,67,259
3670,0,2712,739,207,290,2,74,257
3675,0,2680,729,207,295,29,116,258
3650,0,2514,689,207,293,76,119,297
3639,0,2578,708,207,285,378,145,303
3568,0,2493,699,207,280,137,148,297
3640,0,2540,698,207,274,486,147,303
3602,0,2528,702,207,292,172,148,291
3610,0,2469,684,207,286,95,143,291
3579,0,2446,684,207,287,2,74,280
3562,0,2554,717,209,291,1,80,276
3601,0,2514,698,208,286,141,68,271
3550,0,2502,705,208,291,92,65,278
3499,0,2464,704,209,286,90,65,280
3505,0,2467,704,209,288,87,64,289
3612,0,2328,644,209,289,88,64,284
3626,0,2357,650,209,282,1576,141,302
3622,0,2352,649,209,285,567,141,292
3620,0,2339,646,209,291,51,117,284
3613,0,2333,646,209,290,138,70,287
3620,0,2330,644,210,288,41,162,296
3620,0,2333,645,210,292,9,115,285
3621,0,2365,653,209,291,7,70,285
3620,0,2385,659,208,289,6,128,282
3611,0,2378,658,209,288,120,71,282
2073,0,1455,702,209,291,87,65,286
2187,0,1454,665,78,177,2,74,247
3610,0,2321,643,205,288,2,75,286
3614,0,2340,648,206,287,2,75,283
3617,0,2345,648,207,283,95,68,293
3612,0,2406,666,207,284,108,71,290
3610,0,2418,670,207,291,115,70,255
2663,0,1805,678,207,288,114,71,249
3612,0,2388,661,206,290,126,72,251
3612,0,2475,685,206,292,49,169,265
3610,0,2459,681,206,290,44,173,261
3610,0,2484,688,206,292,101,71,256
3595,0,2450,681,206,291,110,73,256
3598,0,2480,689,206,289,116,73,258
3613,0,2446,677,206,286,115,73,263
3618,0,2352,650,206,288,95,73,286
3610,0,2405,666,206,288,106,73,285
3624,0,2408,664,206,290,106,72,282
3622,0,2410,665,206,287,94,73,289
3614,0,2404,665,206,288,2,77,285
3358,330,2362,703,206,286,4,78,288
3350,330,2359,704,206,290,1579,143,300
3372,325,2357,699,206,291,899,178,301
3359,322,2349,699,206,288,966,159,293
3366,323,2352,699,205,290,10,77,289
3368,327,2351,698,206,285,1139,156,303
3370,328,2357,699,205,286,272,108,285
3360,327,2348,699,205,289,263,109,290
3370,326,2352,698,206,289,268,109,290
3366,330,2355,700,205,289,336,108,288
3360,329,2349,699,205,288,406,112,288
3335,329,2344,703,205,293,4073,143,329
3364,316,2359,701,205,286,977,159,290
3352,312,2308,689,206,294,215,175,281
3349,312,2313,691,205,291,6,111,278
3357,314,2229,664,205,287,6,109,276
3361,314,2223,661,205,285,65,119,281
3346,312,2214,662,205,289,35,119,285
3378,315,2126,629,206,287,8,130,284
3325,312,2303,693,205,295,6,135,256
3299,310,2408,730,205,287,9,145,238
3277,307,2409,735,205,287,8,147,248
3275,309,2359,720,205,290,2,80,224
3275,309,2407,735,204,295,387,92,246
3270,308,2429,743,205,292,1236,152,266
3265,314,2327,713,205,292,3,99,238
3263,317,2397,735,205,291,161,67,238
3243,311,2441,753,205,291,87,123,242
3243,315,2620,808,205,283,64,125,253
3193,318,2544,797,205,289,2,78,245
3192,328,2537,795,205,288,2,76,246
2919,288,2293,786,205,289,2,79,244
2921,289,2270,777,205,291,192,151,252
2922,292,2217,759,205,287,131,114,244
2922,299,2177,745,205,283,227,129,243
2896,297,1868,645,205,290,3,113,242
2925,296,2024,692,205,290,228,107,231
2922,292,2023,692,205,287,204,127,241
2920,295,2021,692,205,289,263,128,240
2930,285,1810,618,205,287,130,65,241
2922,282,1851,633,205,282,39,167,255
2912,280,2022,694,205,286,110,62,253
2908,279,2190,753,205,287,274,116,264
2904,279,2011,693,205,288,479,112,262
2894,302,2082,719,205,286,2,79,228
2909,309,2225,765,205,284,2,79,233
2861,299,2068,723,205,287,2,79,237
2847,285,2123,746,204,294,27,72,269
2911,268,2185,751,205,278,126,68,295
2870,269,2084,726,205,278,115,67,292
2919,287,2103,720,204,282,150,146,306
2888,285,2087,723,205,284,310,94,296
2893,288,2081,719,204,276,129,69,288
2904,288,2037,702,204,284,293,89,295
2893,280,1986,687,205,283,120,69,292
2875,276,2043,711,204,290,368,107,279
2843,274,2067,727,205,286,2,103,278
2871,273,2052,715,205,285,110,63,291
2865,273,2058,718,205,283,109,66,290
2870,273,2064,719,205,277,105,66,289
788,40,349,443,205,274,115,59,287
2546,0,0,0,80,573,2,80,192
1698,0,0,0,78,520,2,77,152
1275,2,393,308,78,46,2,77,158
2101,158,924,440,193,217,2,77,219
2385,250,1298,544,196,245,2,77,230
2493,233,1438,577,198,248,2,77,248
2502,216,1451,580,199,253,148,60,279
2531,238,1500,593,200,257,552,178,295
2548,230,1490,585,200,260,12,85,295
2537,231,1531,603,200,259,15,110,289
2490,223,1509,606,200,256,1236,140,309
2482,225,1517,611,201,261,725,161,294
1540,224,1520,987,201,256,15,124,295
1634,197,1434,877,201,258,16,81,295
2015,230,1884,935,201,261,20,84,305
2608,235,1896,727,201,274,6,99,264
2618,206,1991,761,201,267,104,66,286
2616,203,2026,774,201,267,802,160,295
2627,198,1958,745,201,267,1059,138,308
2614,203,2009,768,201,269,1123,143,306
2621,201,2013,768,201,267,342,175,288
2598,201,2003,771,201,264,15,115,285
2603,201,2013,773,201,267,808,171,301
2590,196,1973,762,201,266,212,88,306
2590,201,2019,779,200,269,2,80,284
2591,201,1945,751,201,269,124,73,295
2592,201,1954,754,202,270,16,82,287
2578,199,1805,700,202,277,168,101,240
2603,198,1890,726,201,275,2,81,232
2637,199,1925,730,202,269,430,100,307
2661,208,1890,710,201,267,1032,144,320
2651,209,1878,708,201,268,1019,157,316
2644,204,1891,715,201,268,572,147,308
2658,205,1896,713,201,270,115,72,297
2664,205,1929,724,201,267,323,105,306
2682,202,1894,706,201,268,521,107,314
2702,200,1861,689,202,274,986,146,319
2630,202,1909,726,201,268,188,91,303
2653,200,1874,706,201,271,182,89,302
2584,199,1832,709,201,271,133,88,294
2589,199,1863,720,201,274,143,88,296
2357,190,536,227,201,265,292,102,305
2364,190,527,223,201,274,453,112,304
2374,191,520,219,201,266,118,73,298
2377,190,526,221,201,270,144,72,298
2202,178,500,227,201,267,376,115,303
2356,189,538,228,201,275,1141,140,317
2244,127,400,178,201,267,841,154,309
2245,128,399,178,201,269,504,154,302
2232,128,392,176,200,269,671,113,303
2267,130,399,176,201,268,1213,138,318
2239,127,398,178,201,268,1327,134,321
2243,129,397,177,201,264,296,107,303
2240,130,396,177,201,273,758,114,307
2244,130,397,177,201,267,1052,174,311
2240,131,395,176,201,268,2,136,295
2233,130,394,177,201,272,281,116,300
2241,130,395,176,201,268,279,104,305
2227,129,393,176,201,269,487,117,305
2226,129,393,176,200,268,190,94,300
2230,129,393,176,201,268,200,94,300
2231,129,386,173,200,269,301,103,300
2235,129,400,179,201,269,285,104,299
2225,129,412,185,200,269,381,117,301
2217,130,411,185,201,270,277,119,297
2235,132,406,182,200,271,301,103,297
2236,131,381,170,200,273,438,103,299
2227,131,407,183,200,404,388,105,245
2203,131,412,187,199,403,279,103,303
1618,95,390,241,199,403,322,103,295
2220,131,393,177,201,267,254,102,293
2228,131,401,180,200,266,278,103,300
2221,130,404,182,201,273,383,104,236
2198,127,394,179,200,264,240,103,295
2204,125,399,181,200,266,320,103,294
1571,102,-54,-34,200,267,1297,133,318
1564,104,200,128,200,266,1288,134,321
1557,103,198,127,200,272,0,106,182
1551,104,199,128,200,271,937,154,310
1546,102,199,129,200,263,177,116,294
1545,103,175,113,200,267,798,156,298
1549,104,198,128,200,283,288,104,257
1308,89,167,127,200,263,237,110,300
772,51,99,129,93,183,201,104,300
1013,68,48,47,184,296,207,107,299
504,35,66,131,197,262,243,112,293
1,0,1,770,106,205,1380,133,277
1,0,1,858,82,229,551,92,317
1851,129,1731,935,94,1210,574,92,315
1851,129,1589,858,192,252,1147,113,321
715,52,625,875,186,273,300,90,307
312,22,277,888,84,230,335,90,308
1249,88,1111,890,84,228,234,109,301
2365,168,1668,705,196,257,271,109,302
1243,87,891,717,198,268,279,110,304
1740,124,1231,708,172,543,245,110,303
1430,100,133,93,183,399,2,82,294
1521,105,366,241,187,548,2,82,292
2424,154,4056,1673,187,296,249,108,297
2540,163,4139,1630,183,300,122,78,295
2440,153,3971,1627,184,293,478,171,303
2441,152,4927,2018,183,302,1132,128,322
2500,155,4173,1669,183,297,585,91,311
2425,147,3885,1602,183,303,271,170,302
2441,155,3996,1637,183,285,1376,177,323
2446,154,3982,1628,200,260,1240,116,313
2472,159,4036,1632,200,260,276,117,296
2438,156,4148,1702,201,260,1145,127,316
53,3,90,1697,201,263,1222,115,315
1405,89,2418,1720,87,1485,1148,126,314
641,40,1099,1715,84,224,1244,114,311
2362,147,4004,1695,189,272,116,74,296
2460,153,4074,1656,200,271,321,167,299
2428,152,4067,1675,195,282,270,168,298
2432,153,3965,1631,195,283,837,161,309
2701,174,2794,1034,195,279,562,151,309
2697,174,2770,1027,195,283,871,160,306
2670,173,2771,1038,195,280,802,159,305
2661,172,2775,1043,195,288,578,89,307
2657,171,2774,1044,195,283,567,89,303
2631,167,2754,1047,196,299,550,90,303
2632,165,2752,1046,195,266,574,88,303
2628,165,2749,1046,194,272,594,89,307
2610,165,2721,1043,198,298,533,89,302
2643,164,2735,1035,194,265,283,146,303
2624,164,2785,1061,193,287,301,152,301
2633,166,2964,1125,195,264,404,149,249
2624,167,2741,1044,193,279,291,147,306
2616,163,2299,879,196,295,310,117,305
2618,165,2242,856,195,273,1,88,297
2572,163,2363,919,195,284,303,116,246
2603,165,2417,928,195,282,257,103,246
2574,165,2416,939,195,275,312,149,306
2572,169,2404,935,195,273,895,138,314
2587,171,2405,930,195,273,124,106,297
2588,173,2445,945,195,277,159,99,299
2579,173,2416,937,195,273,68,106,297
2581,171,2408,933,195,276,91,104,297
2562,172,2370,925,195,276,195,86,309
2566,172,2386,930,195,274,145,82,298
2565,171,2388,931,194,291,2,83,293
2595,173,2407,928,197,280,957,140,312
2542,168,2433,957,197,284,956,140,305
2582,166,2367,916,197,279,1,104,294
2403,153,2035,846,197,282,186,89,296
2454,154,1982,808,197,285,201,106,302
2421,154,2012,831,197,283,363,113,309
2398,155,1998,833,197,287,185,106,309
2383,156,1993,837,197,285,205,106,306
2391,156,2002,837,197,285,188,106,308
2390,156,1999,836,197,288,187,106,308
2383,157,2000,839,197,289,209,106,309
2375,156,1999,842,197,284,201,106,308
2360,157,2047,868,197,284,192,105,306
2120,141,1856,875,197,282,933,140,316
1996,134,1743,873,197,287,72,72,301
2373,157,2086,879,197,282,75,71,300
2256,149,1980,877,197,287,1274,174,321
2274,149,2049,901,197,281,966,117,311
2403,0,1887,785,196,278,559,166,319
2391,0,1888,789,197,275,836,123,306
2386,0,1876,786,197,275,366,92,296
2388,0,1884,789,197,286,554,88,305
2366,0,1880,794,197,276,408,122,305
2471,0,1875,759,195,287,932,139,308
2607,0,2081,798,194,275,1040,115,314
2416,0,2240,927,195,284,1027,115,292
2389,0,2274,952,195,287,1039,115,309
2373,0,2255,950,195,283,34,72,296
2384,0,2208,926,195,290,34,79,289
2370,0,2225,939,195,288,384,96,277
2361,0,2218,940,195,279,957,179,312
2354,0,2244,954,195,286,718,90,296
2358,0,2250,954,195,283,1154,115,293
2345,0,2175,927,195,279,81,96,300
2333,0,2114,906,195,278,220,99,304
2335,0,2118,907,195,277,407,95,309
2320,0,2231,962,195,281,370,126,311
2338,0,2207,944,195,290,407,126,294
2333,0,2120,909,195,275,378,125,311
2328,0,2117,909,195,276,365,96,315
2343,0,2141,914,195,278,5,84,301
2335,0,2194,940,195,275,235,109,309
2331,0,2115,908,195,280,267,90,308
2325,0,2114,909,195,278,281,89,305
2318,0,2110,910,195,279,36,69,296
2292,0,2219,968,195,276,37,65,296
2031,0,1724,849,195,283,2,75,264
2342,0,2287,977,185,280,2,76,250
2653,0,2319,874,195,291,69,69,264
2661,0,2931,1102,195,298,364,103,275
2678,0,3194,1193,195,283,281,99,269
2467,249,3611,1464,195,267,144,112,276
2470,246,3030,1227,195,255,2,135,288
2448,245,3120,1274,195,274,2677,176,462
2467,252,3574,1448,195,271,687,182,305
2528,239,3557,1407,195,272,98,66,282
2498,251,3612,1446,195,275,457,148,296
2074,210,3064,1478,195,278,1890,127,301
2404,228,3432,1427,194,255,1,74,276
2422,230,3490,1441,194,269,1,74,279
2413,227,3346,1386,194,265,0,73,289
2391,221,3156,1320,195,279,325,107,289
2382,219,2888,1213,194,263,298,108,295
2391,231,2915,1219,195,267,4230,156,345
2439,235,2998,1229,195,270,4219,157,343
2442,235,3028,1240,195,280,4227,158,340
2439,236,3116,1278,195,271,689,135,302
2418,235,3115,1288,195,276,2,74,293
2425,232,3119,1286,195,273,797,159,304
2428,231,3114,1282,195,278,1044,171,310
2428,230,3163,1303,195,268,340,90,292
2430,231,3163,1302,195,281,305,87,291
2414,230,3159,1309,195,269,1199,123,309
2399,229,3154,1315,195,269,321,84,290
2401,231,3151,1313,195,271,353,85,290
2420,229,3157,1305,195,277,375,87,292
2423,228,3153,1302,195,265,329,84,288
2423,230,3158,1304,195,272,349,85,289
2429,229,3144,1294,195,274,379,86,291
2442,231,3133,1283,195,278,300,89,290
2440,230,3100,1270,195,270,375,126,292
2428,234,3119,1285,195,275,298,168,290
2422,234,3138,1296,195,280,846,162,296
2425,233,3139,1294,195,263,342,109,291
2423,232,3136,1294,195,278,92,63,285
2420,232,3127,1292,195,268,3692,157,329
2411,233,3119,1294,195,259,33,67,283
2419,230,3133,1295,195,269,3709,156,327
2411,227,3118,1293,195,261,2,75,281
2175,207,2840,1306,195,268,2,74,280
1755,92,1126,641,129,234,2,74,284
2447,214,3413,1395,201,240,2,74,270
2413,853,3008,1247,195,259,2,74,282
2422,223,3032,1252,195,271,20,84,285
